CompleteTextureAtlas_texture.png,complete_texture_atlas_texture

particles/VelocityParticle,texture_particle_velocity

Keyboard/Keyboard_Black_Arrow_Up,texture_input_keyboard_key_up
Keyboard/Keyboard_Black_Arrow_Down,texture_input_keyboard_key_down
Keyboard/Keyboard_Black_Arrow_Left,texture_input_keyboard_key_left
Keyboard/Keyboard_Black_Arrow_Right,texture_input_keyboard_key_right
Keyboard/Keyboard_Black_Bracket_Left,texture_input_keyboard_key_bracket_left
Keyboard/Keyboard_Black_Bracket_Right,texture_input_keyboard_key_bracket_right
Keyboard/Keyboard_Black_Semicolon,texture_input_keyboard_key_semicolon
Keyboard/Keyboard_Black_Quote,texture_input_keyboard_key_quote
Keyboard/Keyboard_Black_Mark_Left,texture_input_keyboard_key_mark_left
Keyboard/Keyboard_Black_Mark_Right,texture_input_keyboard_key_mark_right
Keyboard/Keyboard_Black_Question,texture_input_keyboard_key_question
Keyboard/Keyboard_Black_Slash,texture_input_keyboard_key_slash
Keyboard/Keyboard_Black_Minus,texture_input_keyboard_key_minus
Keyboard/Keyboard_Black_Plus,texture_input_keyboard_key_plus
Keyboard/Keyboard_Black_Space,texture_input_keyboard_key_space
Keyboard/Blank_Black_Normal,texture_input_keyboard_key_blank
Keyboard/Keyboard_Black_0,texture_input_keyboard_key_0
Keyboard/Keyboard_Black_1,texture_input_keyboard_key_1
Keyboard/Keyboard_Black_2,texture_input_keyboard_key_2
Keyboard/Keyboard_Black_3,texture_input_keyboard_key_3
Keyboard/Keyboard_Black_4,texture_input_keyboard_key_4
Keyboard/Keyboard_Black_5,texture_input_keyboard_key_5
Keyboard/Keyboard_Black_6,texture_input_keyboard_key_6
Keyboard/Keyboard_Black_7,texture_input_keyboard_key_7
Keyboard/Keyboard_Black_8,texture_input_keyboard_key_8
Keyboard/Keyboard_Black_9,texture_input_keyboard_key_9
Keyboard/Keyboard_Black_A,texture_input_keyboard_key_a
Keyboard/Keyboard_Black_B,texture_input_keyboard_key_b
Keyboard/Keyboard_Black_C,texture_input_keyboard_key_c
Keyboard/Keyboard_Black_D,texture_input_keyboard_key_d
Keyboard/Keyboard_Black_E,texture_input_keyboard_key_e
Keyboard/Keyboard_Black_F,texture_input_keyboard_key_f
Keyboard/Keyboard_Black_G,texture_input_keyboard_key_g
Keyboard/Keyboard_Black_H,texture_input_keyboard_key_h
Keyboard/Keyboard_Black_I,texture_input_keyboard_key_i
Keyboard/Keyboard_Black_J,texture_input_keyboard_key_j
Keyboard/Keyboard_Black_K,texture_input_keyboard_key_k
Keyboard/Keyboard_Black_L,texture_input_keyboard_key_l
Keyboard/Keyboard_Black_M,texture_input_keyboard_key_m
Keyboard/Keyboard_Black_N,texture_input_keyboard_key_n
Keyboard/Keyboard_Black_O,texture_input_keyboard_key_o
Keyboard/Keyboard_Black_P,texture_input_keyboard_key_p
Keyboard/Keyboard_Black_Q,texture_input_keyboard_key_q
Keyboard/Keyboard_Black_R,texture_input_keyboard_key_r
Keyboard/Keyboard_Black_S,texture_input_keyboard_key_s
Keyboard/Keyboard_Black_T,texture_input_keyboard_key_t
Keyboard/Keyboard_Black_U,texture_input_keyboard_key_u
Keyboard/Keyboard_Black_V,texture_input_keyboard_key_v
Keyboard/Keyboard_Black_W,texture_input_keyboard_key_w
Keyboard/Keyboard_Black_X,texture_input_keyboard_key_x
Keyboard/Keyboard_Black_Y,texture_input_keyboard_key_y
Keyboard/Keyboard_Black_Z,texture_input_keyboard_key_z
XboxOne/XboxOne_A,texture_input_gamepad_a
XboxOne/XboxOne_B,texture_input_gamepad_b
XboxOne/XboxOne_X,texture_input_gamepad_x
XboxOne/XboxOne_Y,texture_input_gamepad_y
XboxOne/XboxOne_Dpad,texture_input_gamepad_dpad
XboxOne/XboxOne_Dpad_Up,texture_input_gamepad_dpad_up
XboxOne/XboxOne_Dpad_Down,texture_input_gamepad_dpad_down
XboxOne/XboxOne_Dpad_Left,texture_input_gamepad_dpad_left
XboxOne/XboxOne_Dpad_Right,texture_input_gamepad_dpad_right
XboxOne/XboxOne_LB,texture_input_gamepad_bumper_left
XboxOne/XboxOne_RB,texture_input_gamepad_bumper_right
XboxOne/XboxOne_LT,texture_input_gamepad_trigger_left
XboxOne/XboxOne_RT,texture_input_gamepad_trigger_right
XboxOne/XboxOne_Left_Stick,texture_input_gamepad_stick_left
XboxOne/XboxOne_Right_Stick,texture_input_gamepad_stick_right
XboxOne/XboxOne_Menu,texture_input_gamepad_menu
XboxOne/XboxOne_Windows,texture_input_gamepad_windows

Hyperspace_MSDF/Hyperspace-32,font_msdf_hyperspace_texture_character_32
Hyperspace_MSDF/Hyperspace-33,font_msdf_hyperspace_texture_character_33
Hyperspace_MSDF/Hyperspace-34,font_msdf_hyperspace_texture_character_34
Hyperspace_MSDF/Hyperspace-35,font_msdf_hyperspace_texture_character_35
Hyperspace_MSDF/Hyperspace-36,font_msdf_hyperspace_texture_character_36
Hyperspace_MSDF/Hyperspace-37,font_msdf_hyperspace_texture_character_37
Hyperspace_MSDF/Hyperspace-38,font_msdf_hyperspace_texture_character_38
Hyperspace_MSDF/Hyperspace-39,font_msdf_hyperspace_texture_character_39
Hyperspace_MSDF/Hyperspace-40,font_msdf_hyperspace_texture_character_40
Hyperspace_MSDF/Hyperspace-41,font_msdf_hyperspace_texture_character_41
Hyperspace_MSDF/Hyperspace-42,font_msdf_hyperspace_texture_character_42
Hyperspace_MSDF/Hyperspace-43,font_msdf_hyperspace_texture_character_43
Hyperspace_MSDF/Hyperspace-44,font_msdf_hyperspace_texture_character_44
Hyperspace_MSDF/Hyperspace-45,font_msdf_hyperspace_texture_character_45
Hyperspace_MSDF/Hyperspace-46,font_msdf_hyperspace_texture_character_46
Hyperspace_MSDF/Hyperspace-47,font_msdf_hyperspace_texture_character_47
Hyperspace_MSDF/Hyperspace-48,font_msdf_hyperspace_texture_character_48
Hyperspace_MSDF/Hyperspace-49,font_msdf_hyperspace_texture_character_49
Hyperspace_MSDF/Hyperspace-50,font_msdf_hyperspace_texture_character_50
Hyperspace_MSDF/Hyperspace-51,font_msdf_hyperspace_texture_character_51
Hyperspace_MSDF/Hyperspace-52,font_msdf_hyperspace_texture_character_52
Hyperspace_MSDF/Hyperspace-53,font_msdf_hyperspace_texture_character_53
Hyperspace_MSDF/Hyperspace-54,font_msdf_hyperspace_texture_character_54
Hyperspace_MSDF/Hyperspace-55,font_msdf_hyperspace_texture_character_55
Hyperspace_MSDF/Hyperspace-56,font_msdf_hyperspace_texture_character_56
Hyperspace_MSDF/Hyperspace-57,font_msdf_hyperspace_texture_character_57
Hyperspace_MSDF/Hyperspace-58,font_msdf_hyperspace_texture_character_58
Hyperspace_MSDF/Hyperspace-59,font_msdf_hyperspace_texture_character_59
Hyperspace_MSDF/Hyperspace-60,font_msdf_hyperspace_texture_character_60
Hyperspace_MSDF/Hyperspace-61,font_msdf_hyperspace_texture_character_61
Hyperspace_MSDF/Hyperspace-62,font_msdf_hyperspace_texture_character_62
Hyperspace_MSDF/Hyperspace-63,font_msdf_hyperspace_texture_character_63
Hyperspace_MSDF/Hyperspace-64,font_msdf_hyperspace_texture_character_64
Hyperspace_MSDF/Hyperspace-65,font_msdf_hyperspace_texture_character_65
Hyperspace_MSDF/Hyperspace-66,font_msdf_hyperspace_texture_character_66
Hyperspace_MSDF/Hyperspace-67,font_msdf_hyperspace_texture_character_67
Hyperspace_MSDF/Hyperspace-68,font_msdf_hyperspace_texture_character_68
Hyperspace_MSDF/Hyperspace-69,font_msdf_hyperspace_texture_character_69
Hyperspace_MSDF/Hyperspace-70,font_msdf_hyperspace_texture_character_70
Hyperspace_MSDF/Hyperspace-71,font_msdf_hyperspace_texture_character_71
Hyperspace_MSDF/Hyperspace-72,font_msdf_hyperspace_texture_character_72
Hyperspace_MSDF/Hyperspace-73,font_msdf_hyperspace_texture_character_73
Hyperspace_MSDF/Hyperspace-74,font_msdf_hyperspace_texture_character_74
Hyperspace_MSDF/Hyperspace-75,font_msdf_hyperspace_texture_character_75
Hyperspace_MSDF/Hyperspace-76,font_msdf_hyperspace_texture_character_76
Hyperspace_MSDF/Hyperspace-77,font_msdf_hyperspace_texture_character_77
Hyperspace_MSDF/Hyperspace-78,font_msdf_hyperspace_texture_character_78
Hyperspace_MSDF/Hyperspace-79,font_msdf_hyperspace_texture_character_79
Hyperspace_MSDF/Hyperspace-80,font_msdf_hyperspace_texture_character_80
Hyperspace_MSDF/Hyperspace-81,font_msdf_hyperspace_texture_character_81
Hyperspace_MSDF/Hyperspace-82,font_msdf_hyperspace_texture_character_82
Hyperspace_MSDF/Hyperspace-83,font_msdf_hyperspace_texture_character_83
Hyperspace_MSDF/Hyperspace-84,font_msdf_hyperspace_texture_character_84
Hyperspace_MSDF/Hyperspace-85,font_msdf_hyperspace_texture_character_85
Hyperspace_MSDF/Hyperspace-86,font_msdf_hyperspace_texture_character_86
Hyperspace_MSDF/Hyperspace-87,font_msdf_hyperspace_texture_character_87
Hyperspace_MSDF/Hyperspace-88,font_msdf_hyperspace_texture_character_88
Hyperspace_MSDF/Hyperspace-89,font_msdf_hyperspace_texture_character_89
Hyperspace_MSDF/Hyperspace-90,font_msdf_hyperspace_texture_character_90
Hyperspace_MSDF/Hyperspace-91,font_msdf_hyperspace_texture_character_91
Hyperspace_MSDF/Hyperspace-92,font_msdf_hyperspace_texture_character_92
Hyperspace_MSDF/Hyperspace-93,font_msdf_hyperspace_texture_character_93
Hyperspace_MSDF/Hyperspace-94,font_msdf_hyperspace_texture_character_94
Hyperspace_MSDF/Hyperspace-95,font_msdf_hyperspace_texture_character_95
Hyperspace_MSDF/Hyperspace-96,font_msdf_hyperspace_texture_character_96
Hyperspace_MSDF/Hyperspace-97,font_msdf_hyperspace_texture_character_97
Hyperspace_MSDF/Hyperspace-98,font_msdf_hyperspace_texture_character_98
Hyperspace_MSDF/Hyperspace-99,font_msdf_hyperspace_texture_character_99
Hyperspace_MSDF/Hyperspace-100,font_msdf_hyperspace_texture_character_100
Hyperspace_MSDF/Hyperspace-101,font_msdf_hyperspace_texture_character_101
Hyperspace_MSDF/Hyperspace-102,font_msdf_hyperspace_texture_character_102
Hyperspace_MSDF/Hyperspace-103,font_msdf_hyperspace_texture_character_103
Hyperspace_MSDF/Hyperspace-104,font_msdf_hyperspace_texture_character_104
Hyperspace_MSDF/Hyperspace-105,font_msdf_hyperspace_texture_character_105
Hyperspace_MSDF/Hyperspace-106,font_msdf_hyperspace_texture_character_106
Hyperspace_MSDF/Hyperspace-107,font_msdf_hyperspace_texture_character_107
Hyperspace_MSDF/Hyperspace-108,font_msdf_hyperspace_texture_character_108
Hyperspace_MSDF/Hyperspace-109,font_msdf_hyperspace_texture_character_109
Hyperspace_MSDF/Hyperspace-110,font_msdf_hyperspace_texture_character_110
Hyperspace_MSDF/Hyperspace-111,font_msdf_hyperspace_texture_character_111
Hyperspace_MSDF/Hyperspace-112,font_msdf_hyperspace_texture_character_112
Hyperspace_MSDF/Hyperspace-113,font_msdf_hyperspace_texture_character_113
Hyperspace_MSDF/Hyperspace-114,font_msdf_hyperspace_texture_character_114
Hyperspace_MSDF/Hyperspace-115,font_msdf_hyperspace_texture_character_115
Hyperspace_MSDF/Hyperspace-116,font_msdf_hyperspace_texture_character_116
Hyperspace_MSDF/Hyperspace-117,font_msdf_hyperspace_texture_character_117
Hyperspace_MSDF/Hyperspace-118,font_msdf_hyperspace_texture_character_118
Hyperspace_MSDF/Hyperspace-119,font_msdf_hyperspace_texture_character_119
Hyperspace_MSDF/Hyperspace-120,font_msdf_hyperspace_texture_character_120
Hyperspace_MSDF/Hyperspace-121,font_msdf_hyperspace_texture_character_121
Hyperspace_MSDF/Hyperspace-122,font_msdf_hyperspace_texture_character_122
Hyperspace_MSDF/Hyperspace-123,font_msdf_hyperspace_texture_character_123
Hyperspace_MSDF/Hyperspace-124,font_msdf_hyperspace_texture_character_124
Hyperspace_MSDF/Hyperspace-125,font_msdf_hyperspace_texture_character_125
Hyperspace_MSDF/Hyperspace-126,font_msdf_hyperspace_texture_character_126

ui/button_up_background,texture_ui_button_released
ui/button_over_background,texture_ui_button_hover
ui/button_down_background,texture_ui_button_pressed
ui/LobbyPanelBackground,texture_ui_lobby_panel_background
ui/dropdown_contents_background,texture_ui_dropdown_background